text,css,isSleepDepr
"Stupid 12"" tom'   
         --mr nguyen, 2025",,
"""God is gay"" 
           --kurt cobain, 1991",,
"""Click?! I am the fucking click!!"" 
          --ringo starr",,
"""hjonk"" 
          --goose",,
"""im going to stick your expensive microphone in the microwave and turn it on"" 
                --tre cool",,
"""恋をして ふられ また捨てられて""
                 --teto (machine love)",,
daily reminder that 111-1111111 is a valid retail win95 key,,
daily reminder that 000-0000007 is a valid retail win95 key,,
"if buying isn't owning, then piracy isn't stealing",,
can someone tell those coporate twinks that AI will not replace programmers,,
"in 98% of scenarios, if you say something like ""C/C++"" i will die on the spot",,
"""I did not shit my pants at a Engadine Maccas in 1997""
             --scotty from marketing, 2018",,TRUE
"""nice ass""
               --the guy from green day's warning music video", ,
"""I do not enforce the amount of spaces before the source in these quotes""
  --me, 2026",,
"""C makes it easy to shoot yourself in the foot; C++ makes it harder, but when you do it blows your whole leg off""
            --Bjarne Stroustrup, 1986",,
"""meowmeowmeowmeowmeowmeow meowmeowmeowmeowmeowmeow AAAAUUUUUUUUUUUUUUUUUUUUUUUUUGGGGGGGGGGGGGHHHHHHHHHHHHHHHHHHHHHHHHHHHHHHHHHHH""
      --serj tankian, 2015",,
"""hey look, I'm skiing!""
      --tre cool, unknown",,
"""PING""
      --lars' st anger snare",,
sudo yay,,
my cat's name is :(){:|:&};: you should type his name on your linux's terminal,,
not all these splash texts hold any meaning. most of it is floof actually.,,
"my cat's name is rd C:\, you should type his name into the MS-DOS prompt",,
"I'm a walking contradiction, and I got no right",,
news: help!,,
aaaaaaaaaaaaaaaaaaaaaaaaaaaaaaaaaaaaaaaaaaaaaaaaaaaaaaaaaaaaaaaaaaaaaaaaaaaaaaaaaaaaaaaaaaaaaaaaaaaaaaaaaaaaaaaaaaaaaaaaaaaaaaaaaaaaaaaaaaaaaaaaaaaaaaaaaaaaaaaaaaaaaaaaaaaaaaaaaaaaaaaaaaaaaaaaaaaaaaaaaaaaaaaaaaaaaaaaaaaaaaaaaaaaaaaaaaaaaaaaaaaaaaaaaaaaaaaaaaaaaaaaaaaaaaaaaaaaaaaaaaaaaa,,
ts pmo 🥀🥀🥀🥀🥀🥀🥀🥀🥀🥀🥀🥀🥀🥀🥀🥀🥀🥀🥀🥀🥀🥀🥀,,
"""shut up""
    --kurt cobain, 18th nov 1993",,
Segmentation fault (core dumped),,
"roses are red, my father bids, jesus struggling to remember when exactly he told followers to bully trans kids",,
working for an hour costs as much as a sandwich,,
"""fix me""
     --james hetfield, 1986",,
did you remember to pay the utility?,,
may impair your ability to operate machinery,,
do you have the time to listen to me whine?,,
you are loved <3,,
you are valid <3,,
"valid argument, however nyanyanyanya :3",,
_UCK _E _N THE A__ TON_GHT ,,TRUE
NaClO + NH₃,,
gay gay homosexual gay,,
girls kissing,,
you kids get off my darn property,,
…or shut up and become a victim of authority,,
"you know I will obey, so please don't make me beg",,TRUE
"""This isn't public peace, it's fucking anarchy!""
       --billie joe armstrong, 1994",,TRUE
ｆｕｃｋｉｎｇ   ｍｏｎｉｋａａａａａａａａａａａａａａａ,,TRUE
systemd has age verification now?!?!?!,,
do you have the time to listen to me whine?,,
">a guy (we'll call him msvc guy)
>is transmedicalist
>has a breeding kink and wants to get impregnated
>dates a trans girl and pressures her to get bottom surgery or else she's a futanari
something doesn't add up here
",,TRUE
I've gotta pet rock and it's really cool. It's more like… a worry stone…,,
"""take off my clothes? no we're not Blink-182""
       --billie joe, 2000",,
we're turning the frogs gay,,
i dont think mtv would let us play that,,
0-0-0-0-0-0-0-0-0-0-,,
"too many errors emitted, stopping now",,
63 为让我心醉的你,,
if(sizeof(argv) / sizeof(argv[0]) < 1) printf(argv[1]);,,TRUE
printf(str);,,
Consider using 'a design alternative' instead of 'InitiateSystemShutdownExW'. Reason: Rearchitect to avoid Reboot.,,
you recognise this green don't you,color: #a8e4a0,TRUE
fish ,,
🐟,,
"pickles, pickles and more pickles",,
how do you top your sub?,,TRUE
blocked. blocked. blocked. youre all blocked. none of you are free of sin,,TRUE
you think your life is hard? try being stuffed with meat 24/7,,TRUE
"mmmmmfgh..,...,",,TRUE
what?,,
"gimme fuel, gimme fire, gimme gibberish",,
"gimme fuel, gimme fire, gimme something else",,
soda pop and ritalin,,
Do not use empty rulesets,,
"add rsp, 69",,
"mov rcx, -1
rep stosb",,
vibe coders in 2030 watching 10 unskippable ads to run npm install,,
"*** Hardware Malfunction
Call your hardware vendor for support

*** The system has halted ***",,
*breaks knuckles* time to shit myself to sleep again bohs,,TRUE
girls pwetty ( ˶o˶˶o˶) !!,,
i-is it lesbian if the boobs touch? [flustered],,TRUE
"how many planets does hecatia have?    a. 2     b. 3     c. 5     d. 7
        (if you know where this comes from you will know the answer)",,TRUE
folded.,,
MyObject obj();,,
c gives you enough rope to build a bridge or hang yourself,,
java makes it harder to shoot yourself in the foot but you spend all your time building a shoe factory,,
"python allows you to shoot yourself in the foot, but the gun is made of rubber",,
"""[In C++] you accidentally create a dozen instances of yourself and shoot them all in the foot. Providing emergency medical assistance is impossible since you can’t tell which are bitwise copies and which are just pointing at others and saying, 'That’s me, over there.'""",,
stop arguing which language is easiest to shoot yourself in the foot with and just dereference null already,,
"""[In FORTRAN] you shoot yourself in each toe, iteratively, until you run out of toes, then you read in the next foot and repeat. If you run out of bullets, you continue with the attempts to shoot yourself anyway because you have no exception-handling capability.""",,
"in COBOL, use a COLT 45 HANDGUN, AIM gun at LEG.FOOT, THEN place ARM.HAND.FINGER on HANDGUN.TRIGGER and SQUEEZE. THEN return HAND-GUN to HOLSTER. CHECK whether shoelace needs to be re-tied.",,
in visual basic you’ll really only appear to have shot yourself in the foot but you’ll have had so much fun doing it that you won’t care,,
rm * .o,,
history | sh,,
dd if=/dev/urandom of=/dev/sda,,
:q!,,
"34dd
im trying to delete 34 lines in vim, what are you talking about?",,TRUE
"in assembly, you try to shoot yourself in the foot, only to discover you must first invent the gun, the bullet, the trigger, and your foot",,
"you can’t remember the syntax for bash so you spend five hours reading man pages before giving up, then you then shoot the computer and switch to C.",,
https://cs.wheatoncollege.edu/mgousie/comp335/guide2langs.pdf,,